{"cameraMode":{"drawMode":0,"name":"Shaded","section":"Shading Mode"},"sceneLighting":true,"audioPlay":false,"sceneViewState":{"m_AlwaysRefresh":false,"showFog":true,"showSkybox":true,"showFlares":true,"showImageEffects":true,"showParticleSystems":true,"showVisualEffectGraphs":true,"m_FxEnabled":true},"in2DMode":false,"pivot":{"x":-8.018807411193848,"y":-3.590158224105835,"z":2.3257529735565187},"rotation":{"x":0.40783050656318667,"y":-0.028762998059391977,"z":0.012840673327445984,"w":0.9124818444252014},"size":14.83085823059082,"orthographic":false}