{"cameraMode":{"drawMode":0,"name":"Shaded","section":"Shading Mode"},"sceneLighting":true,"audioPlay":false,"sceneViewState":{"m_AlwaysRefresh":false,"showFog":true,"showSkybox":true,"showFlares":true,"showImageEffects":true,"showParticleSystems":true,"showVisualEffectGraphs":true,"m_FxEnabled":true},"in2DMode":false,"pivot":{"x":19.84255027770996,"y":-9.747954368591309,"z":-0.09585795551538468},"rotation":{"x":-0.16324098408222199,"y":-0.6558187007904053,"z":0.14820079505443574,"w":-0.7219775915145874},"size":22.234498977661134,"orthographic":false}