{"cameraMode":{"drawMode":0,"name":"Shaded","section":"Shading Mode"},"sceneLighting":true,"audioPlay":false,"sceneViewState":{"m_AlwaysRefresh":false,"showFog":true,"showSkybox":true,"showFlares":true,"showImageEffects":true,"showParticleSystems":true,"showVisualEffectGraphs":true,"m_FxEnabled":true},"in2DMode":false,"pivot":{"x":14.738752365112305,"y":-0.09900856018066406,"z":-10.290177345275879},"rotation":{"x":-0.39285916090011599,"y":-0.3361729085445404,"z":0.1569097340106964,"w":-0.8413955569267273},"size":9.229308128356934,"orthographic":false}